INSERT INTO therapist (id, name, email, crp, address, phone, cellphone, expertise) VALUES ('123e4567-e89b-12d3-a456-426614174000', 'Dr. João Silva', 'dr.joao.silva@example.com', '1234567890', 'Rua das Flores, 100', '(11) 98765-4321', '(11) 9 8765-4321', 'Psicologia');
INSERT INTO therapist (id, name, email, crp, address, phone, cellphone, expertise) VALUES ('123e4567-e89b-12d3-a456-426614174001', 'Dr. Maria Oliveira', 'dr.maria.oliveira@example.com', '2345678901', 'Avenida dos Pinheiros, 200', '(22) 76543-2109', '(22) 7 6543-2109', 'Psiquiatria');

INSERT INTO insurance (id, name, cnpj, contact, email, address, phone, cellphone) VALUES ('123e4567-e89b-12d3-a456-426614174002', 'Seguro Saúde ABC', '00.000.000/0001-10', 'contato@seguroabc.com.br', 'seguro@seguroabc.com.br', 'Av. das Nações Unidas, 300', '(11) 12345-6789', '(11) 9 1234-5678');
INSERT INTO insurance (id, name, cnpj, contact, email, address, phone, cellphone) VALUES ('123e4567-e89b-12d3-a456-426614174003', 'Seguro Dental XYZ', '11.111.111/1111-11', 'contato@seguroltdx.com.br', 'info@seguroltdx.com.br', 'R. das Palmeiras, 400', '(22) 54321-0987', '(22) 5 4321-0987');

INSERT INTO role (id, authority) VALUES ('123e4567-e89b-12d3-a456-426614174010', 'ROLE_ADMIN');
INSERT INTO role (id, authority) VALUES ('123e4567-e89b-12d3-a456-426614174011', 'ROLE_USER');


INSERT INTO tb_user (id, name, email, password, role_id) VALUES ('123e4567-e89b-12d3-a456-426614175000', 'João Silva', 'joaosilva@example.com', '123456', '123e4567-e89b-12d3-a456-426614174010');
INSERT INTO tb_user (id, name, email, password, role_id) VALUES ('123e4567-e89b-12d3-a456-426614175001', 'Ana Oliveira', 'anooliveira@example.com', '123456', '123e4567-e89b-12d3-a456-426614174011');

INSERT INTO employee (id, name, img_url, cpf, email, address, phone, cellphone, emergency_contact, emergency_contact_phone, role) VALUES ('123e4567-e89b-12d3-a456-426614174102', 'João Silva', 'https://example.com/joaosilva.jpg', '123.456.789-01', 'joaosilva@example.com', 'Rua das Flores, 100', '(11) 98765-4321', '(11) 9 8765-4321', 'Maria Silva', '(11) 98765-4322', 'Terapeuta');
INSERT INTO employee (id, name, img_url, cpf, email, address, phone, cellphone, emergency_contact, emergency_contact_phone, role) VALUES ('123e4567-e89b-12d3-a456-426614174101', 'Ana Oliveira', 'https://example.com/anooliveira.jpg', '234.567.890-23', 'anooliveira@example.com', 'Avenida dos Pinheiros, 200', '(22) 76543-2109', '(22) 7 6543-2109', 'Carlos Pereira', '(22) 76543-2110', 'Assistente');


INSERT INTO patient (id, therapist_id, insurance_id, name, img_url, cpf, email, address, phone, cellphone, emergency_contact, emergency_contact_phone, records) VALUES ('123e4567-e89b-12d3-a456-426614174004', '123e4567-e89b-12d3-a456-426614174000', '123e4567-e89b-12d3-a456-426614174002', 'Pedro Santos', 'https://example.com/pedrosantos.jpg', '345.678.901-34', 'pedrosantos@example.com', 'Rua das Oliveiras, 500', '(11) 99876-5432', '(11) 9 8876-5432', 'Maria Santos', '(11) 99876-5433', 'Paciente com histórico de...');
INSERT INTO patient (id, therapist_id, insurance_id, name, img_url, cpf, email, address, phone, cellphone, emergency_contact, emergency_contact_phone, records) VALUES ('123e4567-e89b-12d3-a456-426614174005', '123e4567-e89b-12d3-a456-426614174000', '123e4567-e89b-12d3-a456-426614174002', 'Luciana Ferreira', 'https://example.com/lucianaferrari.jpg', '456.789.012-35', 'lucianaferrari@example.com', 'Avenida das Mangueiras, 600', '(22) 66543-2109', '(22) 6 6543-2109', 'Carlos Ferreira', '(22) 66543-2110', 'Manias...');
INSERT INTO patient (id, therapist_id, insurance_id, name, img_url, cpf, email, address, phone, cellphone, emergency_contact, emergency_contact_phone, records) VALUES ('123e4567-e89b-12d3-a456-426614174006', '123e4567-e89b-12d3-a456-426614174001', '123e4567-e89b-12d3-a456-426614174003', 'Bruno Costa', 'https://example.com/brunocosta.jpg', '567.890.123-46', 'brunocosta@example.com', 'Rua das Jacaras, 700', '(11) 77865-4321', '(11) 7 7865-4321', 'Ana Costa', '(11) 77865-4322', 'Criança de 6 anos...');
INSERT INTO patient (id, therapist_id, insurance_id, name, img_url, cpf, email, address, phone, cellphone, emergency_contact, emergency_contact_phone, records) VALUES ('123e4567-e89b-12d3-a456-426614174007', '123e4567-e89b-12d3-a456-426614174001', '123e4567-e89b-12d3-a456-426614174003', 'Gabriel Rocha', 'https://example.com/gabrielrocha.jpg', '678.901.234-57', 'gabrielrocha@example.com', 'Avenida das Ipês, 800', '(22) 78854-3210', '(22) 7 8854-3210', 'Carlos Rocha', '(22) 78854-3211', '...');
INSERT INTO patient (id, therapist_id, insurance_id, name, img_url, cpf, email, address, phone, cellphone, emergency_contact, emergency_contact_phone, records) VALUES ('123e4567-e89b-12d3-a456-426614174008', '123e4567-e89b-12d3-a456-426614174000', '123e4567-e89b-12d3-a456-426614174002', 'Isabela Moreira', 'https://example.com/isabelamoreira.jpg', '789.012.345-68', 'isabelamoreira@example.com', 'Rua das Orquídeas, 900', '(11) 88976-5431', '(11) 8 8976-5431', 'Maria Moreira', '(11) 88976-5432', '...');
INSERT INTO patient (id, therapist_id, insurance_id, name, img_url, cpf, email, address, phone, cellphone, emergency_contact, emergency_contact_phone, records) VALUES ('123e4567-e89b-12d3-a456-426614174009', '123e4567-e89b-12d3-a456-426614174001', '123e4567-e89b-12d3-a456-426614174003', 'Larissa Souza', 'https://example.com/larissasouza.jpg', '890.123.456-79', 'larissasouza@example.com', 'Avenida das Rosas, 1000', '(22) 89954-3211', '(22) 8 9954-3211', 'Carlos Souza', '(22) 89954-3212', 'Paciente se medica desde...');

INSERT INTO session (id, patient_id, therapist_id, session_date, session_duration, is_remote, is_authorized, token, authorization_date, has_patient_attended, session_value, is_paid, payment_date, is_accounted, account_date) VALUES ('123e4567-e89b-12d3-a456-426614174010','123e4567-e89b-12d3-a456-426614174004','123e4567-e89b-12d3-a456-426614174000','2023-04-15',60,false,true,'token123','2023-04-14',true,50.0,true,'2023-04-15',true,'2023-04-16');
INSERT INTO session (id, patient_id, therapist_id, session_date, session_duration, is_remote, is_authorized, token, authorization_date, has_patient_attended, session_value, is_paid, payment_date, is_accounted, account_date) VALUES ('123e4567-e89b-12d3-a456-426614174011','123e4567-e89b-12d3-a456-426614174005','123e4567-e89b-12d3-a456-426614174001','2023-04-17',45,true,true,'token124','2023-04-16',true,40.0,true,'2023-04-18',true,'2023-04-19');
INSERT INTO session (id, patient_id, therapist_id, session_date, session_duration, is_remote, is_authorized, token, authorization_date, has_patient_attended, session_value, is_paid, payment_date, is_accounted, account_date) VALUES ('123e4567-e89b-12d3-a456-426614174012','123e4567-e89b-12d3-a456-426614174006','123e4567-e89b-12d3-a456-426614174001','2023-04-18',30,false,true,'token125','2023-04-17',true,35.0,true,'2023-04-19',true,'2023-04-20');
INSERT INTO session (id, patient_id, therapist_id, session_date, session_duration, is_remote, is_authorized, token, authorization_date, has_patient_attended, session_value, is_paid, payment_date, is_accounted, account_date) VALUES ('123e4567-e89b-12d3-a456-426614174013','123e4567-e89b-12d3-a456-426614174007','123e4567-e89b-12d3-a456-426614174000','2023-04-19',60,true,true,'token126','2023-04-18',true,55.0,true,'2023-04-20',true,'2023-04-21');
INSERT INTO session (id, patient_id, therapist_id, session_date, session_duration, is_remote, is_authorized, token, authorization_date, has_patient_attended, session_value, is_paid, payment_date, is_accounted, account_date) VALUES ('123e4567-e89b-12d3-a456-426614174014','123e4567-e89b-12d3-a456-426614174008','123e4567-e89b-12d3-a456-426614174000','2023-04-20',45,false,true,'token127','2023-04-19',true,45.0,true,'2023-04-21',true,'2023-04-22');
INSERT INTO session (id, patient_id, therapist_id, session_date, session_duration, is_remote, is_authorized, token, authorization_date, has_patient_attended, session_value, is_paid, payment_date, is_accounted, account_date) VALUES ('123e4567-e89b-12d3-a456-426614174015','123e4567-e89b-12d3-a456-426614174009','123e4567-e89b-12d3-a456-426614174001','2023-04-21',30,true,true,'token128','2023-04-20',true,30.0,true,'2023-04-22',true,'2023-04-23');



