INSERT INTO therapist (id, name, email, crp, address, phone, cellphone, expertise) VALUES ('123e4567-e89b-12d3-a456-426614174000', 'Dr. João Silva', 'dr.joao.silva@example.com', '1234567890', 'Rua das Flores, 100', '(11) 98765-4321', '(11) 9 8765-4321', 'Psicologia');
INSERT INTO therapist (id, name, email, crp, address, phone, cellphone, expertise) VALUES ('123e4567-e89b-12d3-a456-426614174001', 'Dr. Maria Oliveira', 'dr.maria.oliveira@example.com', '2345678901', 'Avenida dos Pinheiros, 200', '(22) 76543-2109', '(22) 7 6543-2109', 'Psiquiatria');
INSERT INTO therapist (id, name, email, crp, address, phone, cellphone, expertise) VALUES ('123e4567-e89b-12d3-a456-426614174002', 'Dr. Carlos Pereira', 'dr.carlos.pereira@example.com', '3456789012', 'Praça da Liberdade, 300', '(33) 87654-3210', '(33) 8 7654-3210', 'Psicoterapia');
INSERT INTO therapist (id, name, email, crp, address, phone, cellphone, expertise) VALUES ('123e4567-e89b-12d3-a456-426614174003', 'Dr. Ana Souza', 'dr.ana.souza@example.com', '4567890123', 'Rua dos Jacarandás, 400', '(44) 65432-1098', '(44) 6 5432-1098', 'Psicanálise');


INSERT INTO insurance (id, name, cnpj, contact, email, address, phone, cellphone) VALUES ('123e4567-e89b-12d3-a456-426614174002', 'Seguro Saúde ABC', '00.000.000/0001-10', 'contato@seguroabc.com.br', 'seguro@seguroabc.com.br', 'Av. das Nações Unidas, 300', '(11) 12345-6789', '(11) 9 1234-5678');
INSERT INTO insurance (id, name, cnpj, contact, email, address, phone, cellphone) VALUES ('123e4567-e89b-12d3-a456-426614174003', 'Seguro Dental XYZ', '11.111.111/1111-11', 'contato@seguroltdx.com.br', 'info@seguroltdx.com.br', 'R. das Palmeiras, 400', '(22) 54321-0987', '(22) 5 4321-0987');

INSERT INTO role (id, authority) VALUES ('123e4567-e89b-12d3-a456-426614174010', 'ROLE_ADMIN');
INSERT INTO role (id, authority) VALUES ('123e4567-e89b-12d3-a456-426614174011', 'ROLE_USER');


INSERT INTO tb_user (id, name, email, password, role_id, is_active) VALUES ('123e4567-e89b-12d3-a456-426614175000', 'João Silva', 'joaosilva@example.com', '$2a$12$m3EeyXWR8uSX0VUYFTHfle9N4on8q0q/25CByNYxECLYPg8r1mlse', '123e4567-e89b-12d3-a456-426614174010', true);
INSERT INTO tb_user (id, name, email, password, role_id, is_active) VALUES ('123e4567-e89b-12d3-a456-426614175001', 'Ana Oliveira', 'anooliveira@example.com', '$2a$12$m3EeyXWR8uSX0VUYFTHfle9N4on8q0q/25CByNYxECLYPg8r1mlse', '123e4567-e89b-12d3-a456-426614174011', true);
INSERT INTO tb_user (id, name, email, password, role_id, is_active) VALUES ('123e4567-e89b-12d3-a456-426614175002', 'Guilherme Lopes', 'guilherme@psysols.com', '$2a$12$m3EeyXWR8uSX0VUYFTHfle9N4on8q0q/25CByNYxECLYPg8r1mlse', '123e4567-e89b-12d3-a456-426614174011', true);
INSERT INTO tb_user (id, name, email, password, role_id, is_active) VALUES ('123e4567-e89b-12d3-a456-426614175003', 'Bluzinho', 'buken@example.com', '$2a$12$m3EeyXWR8uSX0VUYFTHfle9N4on8q0q/25CByNYxECLYPg8r1mlse', '123e4567-e89b-12d3-a456-426614174010', true);

INSERT INTO employee (id, name, img_url, cpf, email, address, phone, cellphone, emergency_contact, emergency_contact_phone, role) VALUES ('123e4567-e89b-12d3-a456-426614174102', 'João Silva', 'https://example.com/joaosilva.jpg', '123.456.789-01', 'joaosilva@example.com', 'Rua das Flores, 100', '(11) 98765-4321', '(11) 9 8765-4321', 'Maria Silva', '(11) 98765-4322', 'Terapeuta');
INSERT INTO employee (id, name, img_url, cpf, email, address, phone, cellphone, emergency_contact, emergency_contact_phone, role) VALUES ('123e4567-e89b-12d3-a456-426614174103', 'Guilherme Lopes', 'https://png.pngtree.com/png-vector/20190710/ourlarge/pngtree-user-vector-avatar-png-image_1541962.jpg', '123.456.789-01', 'guilherme@psysols.com', 'Rua das Flores, 100', '(11) 98765-4321', '(11) 9 8765-4321', 'Maria Silva', '(11) 98765-4322', 'Diretor');
INSERT INTO employee (id, name, img_url, cpf, email, address, phone, cellphone, emergency_contact, emergency_contact_phone, role) VALUES ('123e4567-e89b-12d3-a456-426614174101', 'Ana Oliveira', 'https://example.com/anooliveira.jpg', '234.567.890-23', 'anooliveira@example.com', 'Avenida dos Pinheiros, 200', '(22) 76543-2109', '(22) 7 6543-2109', 'Carlos Pereira', '(22) 76543-2110', 'Assistente');


INSERT INTO patient (id, therapist_id, insurance_id, name, img_url, cpf, email, address, phone, cellphone, emergency_contact, emergency_contact_phone, records) VALUES ('123e4567-e89b-12d3-a456-426614174004', '123e4567-e89b-12d3-a456-426614174000', '123e4567-e89b-12d3-a456-426614174002', 'Pedro Santos', 'https://example.com/pedrosantos.jpg', '345.678.901-34', 'pedrosantos@example.com', 'Rua das Oliveiras, 500', '(11) 99876-5432', '(11) 9 8876-5432', 'Maria Santos', '(11) 99876-5433', 'Paciente com histórico de...');
INSERT INTO patient (id, therapist_id, insurance_id, name, img_url, cpf, email, address, phone, cellphone, emergency_contact, emergency_contact_phone, records) VALUES ('123e4567-e89b-12d3-a456-426614174005', '123e4567-e89b-12d3-a456-426614174000', '123e4567-e89b-12d3-a456-426614174002', 'Luciana Ferreira', 'https://example.com/lucianaferrari.jpg', '456.789.012-35', 'lucianaferrari@example.com', 'Avenida das Mangueiras, 600', '(22) 66543-2109', '(22) 6 6543-2109', 'Carlos Ferreira', '(22) 66543-2110', 'Manias...');
INSERT INTO patient (id, therapist_id, insurance_id, name, img_url, cpf, email, address, phone, cellphone, emergency_contact, emergency_contact_phone, records) VALUES ('123e4567-e89b-12d3-a456-426614174006', '123e4567-e89b-12d3-a456-426614174001', '123e4567-e89b-12d3-a456-426614174003', 'Bruno Costa', 'https://example.com/brunocosta.jpg', '567.890.123-46', 'brunocosta@example.com', 'Rua das Jacaras, 700', '(11) 77865-4321', '(11) 7 7865-4321', 'Ana Costa', '(11) 77865-4322', 'Criança de 6 anos...');
INSERT INTO patient (id, therapist_id, insurance_id, name, img_url, cpf, email, address, phone, cellphone, emergency_contact, emergency_contact_phone, records) VALUES ('123e4567-e89b-12d3-a456-426614174007', '123e4567-e89b-12d3-a456-426614174001', '123e4567-e89b-12d3-a456-426614174003', 'Gabriel Rocha', 'https://example.com/gabrielrocha.jpg', '678.901.234-57', 'gabrielrocha@example.com', 'Avenida das Ipês, 800', '(22) 78854-3210', '(22) 7 8854-3210', 'Carlos Rocha', '(22) 78854-3211', '...');
INSERT INTO patient (id, therapist_id, insurance_id, name, img_url, cpf, email, address, phone, cellphone, emergency_contact, emergency_contact_phone, records) VALUES ('123e4567-e89b-12d3-a456-426614174008', '123e4567-e89b-12d3-a456-426614174000', '123e4567-e89b-12d3-a456-426614174002', 'Isabela Moreira', 'https://example.com/isabelamoreira.jpg', '789.012.345-68', 'isabelamoreira@example.com', 'Rua das Orquídeas, 900', '(11) 88976-5431', '(11) 8 8976-5431', 'Maria Moreira', '(11) 88976-5432', '...');
INSERT INTO patient (id, therapist_id, insurance_id, name, img_url, cpf, email, address, phone, cellphone, emergency_contact, emergency_contact_phone, records) VALUES ('123e4567-e89b-12d3-a456-426614174009', '123e4567-e89b-12d3-a456-426614174001', '123e4567-e89b-12d3-a456-426614174003', 'Larissa Souza', 'https://example.com/larissasouza.jpg', '890.123.456-79', 'larissasouza@example.com', 'Avenida das Rosas, 1000', '(22) 89954-3211', '(22) 8 9954-3211', 'Carlos Souza', '(22) 89954-3212', 'Paciente se medica desde...');
INSERT INTO patient (id, therapist_id, insurance_id, name, img_url, cpf, email, address, phone, cellphone, emergency_contact, emergency_contact_phone, records) VALUES ('123e4567-e89b-12d3-a456-426614174010', '123e4567-e89b-12d3-a456-426614174002', '123e4567-e89b-12d3-a456-426614174002', 'Fernanda Almeida', 'https://example.com/fernandaalmeida.jpg', '901.234.567-80', 'fernandaalmeida@example.com', 'Rua dos Girassóis, 1100', '(33) 87654-3211', '(33) 8 7654-3211', 'Paulo Almeida', '(33) 87654-3212', 'Paciente com transtorno de ansiedade...');
INSERT INTO patient (id, therapist_id, insurance_id, name, img_url, cpf, email, address, phone, cellphone, emergency_contact, emergency_contact_phone, records) VALUES ('123e4567-e89b-12d3-a456-426614174011', '123e4567-e89b-12d3-a456-426614174002', '123e4567-e89b-12d3-a456-426614174003', 'Juliana Santos', 'https://example.com/julianasantos.jpg', '012.345.678-91', 'julianasantos@example.com', 'Avenida das Palmeiras, 1200', '(33) 65432-1098', '(33) 6 5432-1098', 'Ricardo Santos', '(33) 65432-1099', 'Histórico de depressão...');
INSERT INTO patient (id, therapist_id, insurance_id, name, img_url, cpf, email, address, phone, cellphone, emergency_contact, emergency_contact_phone, records) VALUES ('123e4567-e89b-12d3-a456-426614174012', '123e4567-e89b-12d3-a456-426614174003', '123e4567-e89b-12d3-a456-426614174003', 'Marcelo Lima', 'https://example.com/marcelolima.jpg', '234.567.890-12', 'marcelolima@example.com', 'Praça da Paz, 1300', '(44) 54321-0987', '(44) 5 4321-0987', 'Mariana Lima', '(44) 54321-0988', 'Paciente com síndrome do pânico...');
INSERT INTO patient (id, therapist_id, insurance_id, name, img_url, cpf, email, address, phone, cellphone, emergency_contact, emergency_contact_phone, records) VALUES ('123e4567-e89b-12d3-a456-426614174013', '123e4567-e89b-12d3-a456-426614174003', '123e4567-e89b-12d3-a456-426614174002', 'Renata Costa', 'https://example.com/renatacosta.jpg', '345.678.901-23', 'renatacosta@example.com', 'Rua das Margaridas, 1400', '(44) 43210-9876', '(44) 4 3210-9876', 'Fabiana Costa', '(44) 43210-9877', 'Histórico de bipolaridade...');
INSERT INTO patient (id, therapist_id, insurance_id, name, img_url, cpf, email, address, phone, cellphone, emergency_contact, emergency_contact_phone, records) VALUES ('123e4567-e89b-12d3-a456-426614174014', '123e4567-e89b-12d3-a456-426614174002', '123e4567-e89b-12d3-a456-426614174003', 'Thiago Oliveira', 'https://example.com/thiagooliveira.jpg', '456.789.012-34', 'thiagooliveira@example.com', 'Rua das Rosas, 1500', '(33) 32109-8765', '(33) 3 2109-8765', 'Carla Oliveira', '(33) 32109-8766', 'Paciente com TOC...');
INSERT INTO patient (id, therapist_id, insurance_id, name, img_url, cpf, email, address, phone, cellphone, emergency_contact, emergency_contact_phone, records) VALUES ('123e4567-e89b-12d3-a456-426614174015', '123e4567-e89b-12d3-a456-426614174002', '123e4567-e89b-12d3-a456-426614174002', 'Camila Sousa', 'https://example.com/camilasousa.jpg', '567.890.123-45', 'camilasousa@example.com', 'Avenida das Hortênsias, 1600', '(33) 21098-7654', '(33) 2 1098-7654', 'Daniel Sousa', '(33) 21098-7655', 'Paciente com fobia social...');
INSERT INTO patient (id, therapist_id, insurance_id, name, img_url, cpf, email, address, phone, cellphone, emergency_contact, emergency_contact_phone, records) VALUES ('123e4567-e89b-12d3-a456-426614174016', '123e4567-e89b-12d3-a456-426614174003', '123e4567-e89b-12d3-a456-426614174003', 'Gustavo Mendes', 'https://example.com/gustavomendes.jpg', '678.901.234-56', 'gustavomendes@example.com', 'Rua dos Lírios, 1700', '(44) 10987-6543', '(44) 1 0987-6543', 'Mariana Mendes', '(44) 10987-6544', 'Paciente com transtorno de personalidade...');
INSERT INTO patient (id, therapist_id, insurance_id, name, img_url, cpf, email, address, phone, cellphone, emergency_contact, emergency_contact_phone, records) VALUES ('123e4567-e89b-12d3-a456-426614174017', '123e4567-e89b-12d3-a456-426614174003', '123e4567-e89b-12d3-a456-426614174002', 'Beatriz Ribeiro', 'https://example.com/beatrizribeiro.jpg', '789.012.345-67', 'beatrizribeiro@example.com', 'Avenida dos Cravos, 1800', '(44) 09876-5432', '(44) 0 9876-5432', 'Carlos Ribeiro', '(44) 09876-5433', 'Paciente com esquizofrenia...');
INSERT INTO patient (id, therapist_id, insurance_id, name, img_url, cpf, email, address, phone, cellphone, emergency_contact, emergency_contact_phone, records) VALUES ('123e4567-e89b-12d3-a456-426614174018', '123e4567-e89b-12d3-a456-426614174002', '123e4567-e89b-12d3-a456-426614174003', 'Roberto Lima', 'https://example.com/robertolima.jpg', '890.123.456-78', 'robertolima@example.com', 'Rua das Acácias, 1900', '(33) 98765-4321', '(33) 9 8765-4321', 'Ana Lima', '(33) 98765-4322', 'Paciente com depressão severa...');
INSERT INTO patient (id, therapist_id, insurance_id, name, img_url, cpf, email, address, phone, cellphone, emergency_contact, emergency_contact_phone, records) VALUES ('123e4567-e89b-12d3-a456-426614174019', '123e4567-e89b-12d3-a456-426614174002', '123e4567-e89b-12d3-a456-426614174002', 'Patrícia Silva', 'https://example.com/patriciasilva.jpg', '901.234.567-89', 'patriciasilva@example.com', 'Praça dos Coqueiros, 2000', '(33) 87654-3210', '(33) 8 7654-3210', 'Marcos Silva', '(33) 87654-3211', 'Paciente com distúrbio alimentar...');
INSERT INTO patient (id, therapist_id, insurance_id, name, img_url, cpf, email, address, phone, cellphone, emergency_contact, emergency_contact_phone, records) VALUES ('123e4567-e89b-12d3-a456-426614174020', '123e4567-e89b-12d3-a456-426614174003', '123e4567-e89b-12d3-a456-426614174003', 'Lucas Martins', 'https://example.com/lucasmartins.jpg', '012.345.678-90', 'lucasmartins@example.com', 'Rua dos Pinheiros, 2100', '(44) 76543-2109', '(44) 7 6543-2109', 'Júlia Martins', '(44) 76543-2110', 'Paciente com transtorno de estresse pós-traumático...');
INSERT INTO patient (id, therapist_id, insurance_id, name, img_url, cpf, email, address, phone, cellphone, emergency_contact, emergency_contact_phone, records) VALUES ('123e4567-e89b-12d3-a456-426614174021', '123e4567-e89b-12d3-a456-426614174003', '123e4567-e89b-12d3-a456-426614174003', 'Ana Paula', 'https://example.com/anapaula.jpg', '123.456.789-01', 'anapaula@example.com', 'Avenida das Palmeiras, 2200', '(44) 65432-1098', '(44) 6 5432-1098', 'João Paulo', '(44) 65432-1099', 'Histórico de automutilação...');


INSERT INTO session (id, patient_id, therapist_id, session_date, session_duration, is_remote, is_authorized, token, authorization_date, has_patient_attended, session_value, is_paid, payment_date, is_accounted, account_date) VALUES ('123e4567-e89b-12d3-a456-426614174010','123e4567-e89b-12d3-a456-426614174004','123e4567-e89b-12d3-a456-426614174000','2024-07-01T10:00:00Z',60,false,true,'token123','2023-04-14',true,50.0,true,'2023-04-15',true,'2023-04-16');
INSERT INTO session (id, patient_id, therapist_id, session_date, session_duration, is_remote, is_authorized, token, authorization_date, has_patient_attended, session_value, is_paid, payment_date, is_accounted, account_date) VALUES ('123e4567-e89b-12d3-a456-426614174011','123e4567-e89b-12d3-a456-426614174005','123e4567-e89b-12d3-a456-426614174000','2024-07-02T10:00:00Z',45,true,true,'token124','2023-04-16',false,40.0,true,'2023-04-18',true,'2023-04-19');
INSERT INTO session (id, patient_id, therapist_id, session_date, session_duration, is_remote, is_authorized, token, authorization_date, has_patient_attended, session_value, is_paid, payment_date, is_accounted, account_date) VALUES ('123e4567-e89b-12d3-a456-426614174012','123e4567-e89b-12d3-a456-426614174006','123e4567-e89b-12d3-a456-426614174001','2024-07-01T10:00:00Z',120,false,true,'token125','2023-04-17',true,35.0,true,'2023-04-19',true,'2023-04-20');
INSERT INTO session (id, patient_id, therapist_id, session_date, session_duration, is_remote, is_authorized, token, authorization_date, has_patient_attended, session_value, is_paid, payment_date, is_accounted, account_date) VALUES ('123e4567-e89b-12d3-a456-426614174013','123e4567-e89b-12d3-a456-426614174007','123e4567-e89b-12d3-a456-426614174001','2024-07-02T10:00:00Z',60,true,true,'token126','2023-04-18',false,55.0,true,'2023-04-20',true,'2023-04-21');
INSERT INTO session (id, patient_id, therapist_id, session_date, session_duration, is_remote, is_authorized, token, authorization_date, has_patient_attended, session_value, is_paid, payment_date, is_accounted, account_date) VALUES ('123e4567-e89b-12d3-a456-426614174014','123e4567-e89b-12d3-a456-426614174008','123e4567-e89b-12d3-a456-426614174000','2024-07-03T10:00:00Z',45,false,true,'token127','2023-04-19',false,45.0,true,'2023-04-21',true,'2023-04-22');
INSERT INTO session (id, patient_id, therapist_id, session_date, session_duration, is_remote, is_authorized, token, authorization_date, has_patient_attended, session_value, is_paid, payment_date, is_accounted, account_date) VALUES ('123e4567-e89b-12d3-a456-426614174015','123e4567-e89b-12d3-a456-426614174009','123e4567-e89b-12d3-a456-426614174001','2024-07-04T10:00:00Z',120,true,true,'token128','2023-04-20',false,30.0,true,'2023-04-22',true,'2023-04-23');
INSERT INTO session (id, patient_id, therapist_id, session_date, session_duration, is_remote, is_authorized, token, authorization_date, has_patient_attended, session_value, is_paid, payment_date, is_accounted, account_date) VALUES ('123e4567-e89b-12d3-a456-426614174020','123e4567-e89b-12d3-a456-426614174004','123e4567-e89b-12d3-a456-426614174000','2024-07-03T15:00:00Z',60,false,true,'token123','2023-04-14',false,50.0,true,'2023-04-15',true,'2023-04-16');
INSERT INTO session (id, patient_id, therapist_id, session_date, session_duration, is_remote, is_authorized, token, authorization_date, has_patient_attended, session_value, is_paid, payment_date, is_accounted, account_date) VALUES ('123e4567-e89b-12d3-a456-426614174021','123e4567-e89b-12d3-a456-426614174005','123e4567-e89b-12d3-a456-426614174000','2024-07-04T15:00:00Z',45,true,true,'token124','2023-04-16',false,40.0,true,'2023-04-18',true,'2023-04-19');
INSERT INTO session (id, patient_id, therapist_id, session_date, session_duration, is_remote, is_authorized, token, authorization_date, has_patient_attended, session_value, is_paid, payment_date, is_accounted, account_date) VALUES ('123e4567-e89b-12d3-a456-426614174022','123e4567-e89b-12d3-a456-426614174006','123e4567-e89b-12d3-a456-426614174001','2024-07-05T15:00:00Z',120,false,true,'token125','2023-04-17',false,35.0,true,'2023-04-19',true,'2023-04-20');
INSERT INTO session (id, patient_id, therapist_id, session_date, session_duration, is_remote, is_authorized, token, authorization_date, has_patient_attended, session_value, is_paid, payment_date, is_accounted, account_date) VALUES ('123e4567-e89b-12d3-a456-426614174023','123e4567-e89b-12d3-a456-426614174007','123e4567-e89b-12d3-a456-426614174001','2024-07-06T18:00:00Z',60,true,true,'token126','2023-04-18',false,55.0,true,'2023-04-20',true,'2023-04-21');
INSERT INTO session (id, patient_id, therapist_id, session_date, session_duration, is_remote, is_authorized, token, authorization_date, has_patient_attended, session_value, is_paid, payment_date, is_accounted, account_date) VALUES ('123e4567-e89b-12d3-a456-426614174024','123e4567-e89b-12d3-a456-426614174008','123e4567-e89b-12d3-a456-426614174000','2024-07-05T10:00:00Z',45,false,true,'token127','2023-04-19',false,45.0,true,'2023-04-21',true,'2023-04-22');
INSERT INTO session (id, patient_id, therapist_id, session_date, session_duration, is_remote, is_authorized, token, authorization_date, has_patient_attended, session_value, is_paid, payment_date, is_accounted, account_date) VALUES ('123e4567-e89b-12d3-a456-426614174025','123e4567-e89b-12d3-a456-426614174009','123e4567-e89b-12d3-a456-426614174001','2024-07-06T17:00:00Z',120,true,true,'token128','2023-04-20',false,30.0,true,'2023-04-22',true,'2023-04-23');
INSERT INTO session (id, patient_id, therapist_id, session_date, session_duration, is_remote, is_authorized, token, authorization_date, has_patient_attended, session_value, is_paid, payment_date, is_accounted, account_date) VALUES ('123e4567-e89b-12d3-a456-426614174026','123e4567-e89b-12d3-a456-426614174004','123e4567-e89b-12d3-a456-426614174000','2024-07-05T15:00:00Z',60,false,true,'token129','2023-04-21',false,50.0,true,'2023-04-23',true,'2023-04-24');
INSERT INTO session (id, patient_id, therapist_id, session_date, session_duration, is_remote, is_authorized, token, authorization_date, has_patient_attended, session_value, is_paid, payment_date, is_accounted, account_date) VALUES ('123e4567-e89b-12d3-a456-426614174027','123e4567-e89b-12d3-a456-426614174005','123e4567-e89b-12d3-a456-426614174000','2024-07-05T20:00:00Z',45,true,true,'token130','2023-04-22',false,40.0,true,'2023-04-24',true,'2023-04-25');



